GBIF_usageKey,model_class,level_class,level_order,level_family,level_genus,level_species
2439270,rat,class Mammalia,order Rodentia,family Muridae,genus Rattus,species Rattus rattus
7429082,mouse,class Mammalia,order Rodentia,family Muridae,genus Mus,species Mus musculus
2436436,human,class Mammalia,order Primates,family Hominidae,genus Homo,species Homo sapiens
2440886,horse,class Mammalia,order Perissodactyla,family Equidae,genus Equus,species Equus caballus
2436940,rabbit,class Mammalia,order Lagomorpha,family Leporidae,genus Oryctolagus,species Oryctolagus cuniculus
7952072,hare,class Mammalia,order Lagomorpha,family Leporidae,genus Lepus,species Lepus europaeus
5219616,hedgehog,class Mammalia,order Erinaceomorpha,family Erinaceidae,genus Erinaceus,species Erinaceus europaeus
2440254,possum,class Mammalia,order Diprotodontia,family Phalangeridae,genus Trichosurus,species Trichosurus vulpecula
9589697,wallaby,class Mammalia,order Diprotodontia,family Macropodidae,genus Notamacropus,species Notamacropus rufogriseus
2433467,sealion,class Mammalia,order Carnivora,family Otariidae,genus Phocarctos,species Phocarctos hookeri
5218987,weasel,class Mammalia,order Carnivora,family Mustelidae,genus Mustela,species Mustela nivalis
5816581,ferret,class Mammalia,order Carnivora,family Mustelidae,genus Mustela,species Mustela furo
5219019,stoat,class Mammalia,order Carnivora,family Mustelidae,genus Mustela,species Mustela erminea
2435035,cat,class Mammalia,order Carnivora,family Felidae,genus Felis,species Felis catus
5219200,dog,class Mammalia,order Carnivora,family Canidae,genus Canis,species Canis familiaris
7705930,pig,class Mammalia,order Artiodactyla,family Suidae,genus Sus,species Sus scrofa
2440958,deer,class Mammalia,order Artiodactyla,family Cervidae,genus Cervus,species Cervus elaphus
5220170,chamois,class Mammalia,order Artiodactyla,family Bovidae,genus Rupicapra,species Rupicapra rupicapra
2441110,sheep,class Mammalia,order Artiodactyla,family Bovidae,genus Ovis,species Ovis aries
5220174,tahr,class Mammalia,order Artiodactyla,family Bovidae,genus Hemitragus,species Hemitragus jemlahicus
2441056,goat,class Mammalia,order Artiodactyla,family Bovidae,genus Capra,species Capra hircus
2441022,cow,class Mammalia,order Artiodactyla,family Bovidae,genus Bos,species Bos taurus
2497817,morepork,class Aves,order Strigiformes,family Strigidae,genus Ninox,species Ninox novaeseelandiae
2481632,yellow_eyed_penguin,class Aves,order Sphenisciformes,family Spheniscidae,genus Megadyptes,species Megadyptes antipodes
2481646,little_blue_penguin,class Aves,order Sphenisciformes,family Spheniscidae,genus Eudyptula,species Eudyptula minor
2481634,fiordland_crested_penguin,class Aves,order Sphenisciformes,family Spheniscidae,genus Eudyptes,species Eudyptes pachyrhynchus
2479329,rosella,class Aves,order Psittaciformes,family Psittacidae,genus Platycercus,species Platycercus eximius
2479593,kea,class Aves,order Psittaciformes,family Psittacidae,genus Nestor,species Nestor notabilis
2479594,kaka,class Aves,order Psittaciformes,family Psittacidae,genus Nestor,species Nestor meridionalis
5229110,parakeet,class Aves,order Psittaciformes,family Psittacidae,genus Cyanoramphus,species Cyanoramphus novaezelandiae
2480897,white_faced_heron,class Aves,order Pelecaniformes,family Ardeidae,genus Egretta,species Egretta novaehollandiae
2489396,silvereye,class Aves,order Passeriformes,family Zosteropidae,genus Zosterops,species Zosterops lateralis
7901064,thrush,class Aves,order Passeriformes,family Turdidae,genus Turdus,species Turdus philomelos
2490719,blackbird,class Aves,order Passeriformes,family Turdidae,genus Turdus,species Turdus merula
9809229,starling,class Aves,order Passeriformes,family Sturnidae,genus Sturnus,species Sturnus vulgaris
2489005,myna,class Aves,order Passeriformes,family Sturnidae,genus Acridotheres,species Acridotheres tristis
5231730,fantail,class Aves,order Passeriformes,family Rhipiduridae,genus Rhipidura,species Rhipidura fuliginosa
5231763,dunnock,class Aves,order Passeriformes,family Prunellidae,genus Prunella,species Prunella modularis
2489318,tomtit,class Aves,order Passeriformes,family Petroicidae,genus Petroica,species Petroica macrocephala
8947256,robin,class Aves,order Passeriformes,family Petroicidae,genus Petroica,species Petroica longipes
5231190,sparrow,class Aves,order Passeriformes,family Passeridae,genus Passer,species Passer domesticus
2490273,pipit,class Aves,order Passeriformes,family Motacillidae,genus Anthus,species Anthus novaeseelandiae
2487029,tui,class Aves,order Passeriformes,family Meliphagidae,genus Prosthemadera,species Prosthemadera novaeseelandiae
2487200,bellbird,class Aves,order Passeriformes,family Meliphagidae,genus Anthornis,species Anthornis melanura
2494686,finch,class Aves,order Passeriformes,family Fringillidae,genus Carduelis,species Carduelis carduelis
5231630,redpoll,class Aves,order Passeriformes,family Fringillidae,genus Acanthis,species Acanthis flammea
2491534,yellowhammer,class Aves,order Passeriformes,family Emberizidae,genus Emberiza,species Emberiza citrinella
2489450,magpie,class Aves,order Passeriformes,family Cracticidae,genus Gymnorhina,species Gymnorhina tibicen
4846969,tieke,class Aves,order Passeriformes,family Callaeatidae,genus Philesturnus,species Philesturnus rufusater
2486551,grey_warbler,class Aves,order Passeriformes,family Acanthizidae,genus Gerygone,species Gerygone igata
5229954,rifleman,class Aves,order Passeriformes,family Acanthisittidae,genus Acanthisitta,species Acanthisitta chloris
2474628,crake,class Aves,order Gruiformes,family Rallidae,genus Porzana,species Porzana pusilla
5817288,pukeko,class Aves,order Gruiformes,family Rallidae,genus Porphyrio,species Porphyrio melanotus
5228153,takahe,class Aves,order Gruiformes,family Rallidae,genus Porphyrio,species Porphyrio hochstetteri
2474550,banded_rail,class Aves,order Gruiformes,family Rallidae,genus Gallirallus,species Gallirallus philippensis
2474535,weka,class Aves,order Gruiformes,family Rallidae,genus Gallirallus,species Gallirallus australis
9752149,pheasant,class Aves,order Galliformes,family Phasianidae,genus Phasianus,species Phasianus colchicus
9326020,chicken,class Aves,order Galliformes,family Phasianidae,genus Gallus,species Gallus gallus
2474162,quail,class Aves,order Galliformes,family Phasianidae,genus Coturnix,species Coturnix japonica
2481003,nz_falcon,class Aves,order Falconiformes,family Falconidae,genus Falco,species Falco novaeseelandiae
2495905,kereru,class Aves,order Columbiformes,family Columbidae,genus Hemiphaga,species Hemiphaga novaeseelandiae
5229125,stilt,class Aves,order Charadriiformes,family Recurvirostridae,genus Himantopus,species Himantopus novaezelandiae
2481173,black_backed_gull,class Aves,order Charadriiformes,family Laridae,genus Larus,species Larus dominicanus
6065816,black_billed_gull,class Aves,order Charadriiformes,family Laridae,genus Chroicocephalus,species Chroicocephalus bulleri
2481123,black_fronted_tern,class Aves,order Charadriiformes,family Laridae,genus Chlidonias,species Chlidonias albostriatus
2480266,oystercatcher,class Aves,order Charadriiformes,family Haematopodidae,genus Haematopus,species Haematopus unicolor
5229134,spurwing_plover,class Aves,order Charadriiformes,family Charadriidae,genus Vanellus,species Vanellus miles
2480340,shore_plover,class Aves,order Charadriiformes,family Charadriidae,genus Thinornis,species Thinornis novaeseelandiae
2480294,banded_dotterel,class Aves,order Charadriiformes,family Charadriidae,genus Charadrius,species Charadrius bicinctus
5229153,wrybill,class Aves,order Charadriiformes,family Charadriidae,genus Anarhynchus,species Anarhynchus frontalis
2495144,kiwi,class Aves,order Apterygiformes,family Apterygidae,genus Apteryx,species Apteryx mantelli
2498011,paradise_duck,class Aves,order Anseriformes,family Anatidae,genus Tadorna,species Tadorna variegata
2498344,swan,class Aves,order Anseriformes,family Anatidae,genus Cygnus,species Cygnus atratus
5232437,canada_goose,class Aves,order Anseriformes,family Anatidae,genus Branta,species Branta canadensis
9761484,mallard,class Aves,order Anseriformes,family Anatidae,genus Anas,species Anas platyrhynchos
2498063,pateke,class Aves,order Anseriformes,family Anatidae,genus Anas,species Anas chlorotis
5229172,harrier,class Aves,order Accipitriformes,family Accipitridae,genus Circus,species Circus approximans
